{
  "Model": "All Features - Classification",
  "Accuracy": 0.7236126224156693,
  "Precision": 0.721684676288787,
  "Recall": 0.7236126224156693,
  "F1 Score": 0.7210988508912289
}