{
  "Model": "Text Only - Regression",
  "MSE": 1.3418249923570953,
  "MAE": 0.948121227993208,
  "R2": 0.021747555705651345,
  "Pearson Correlation": 0.3405737516393563
}