{
  "Model": "Text Only - Classification",
  "Accuracy": 0.5469613259668509,
  "Precision": 0.5538990911192132,
  "Recall": 0.5469613259668509,
  "F1 Score": 0.5351150662293449
}