{
  "Model": "Text Only - Classification",
  "Accuracy": 0.39526659412404785,
  "Precision": 0.3921375512755204,
  "Recall": 0.39526659412404785,
  "F1 Score": 0.3420338341677556
}