{
  "Model": "Text Only - Regression",
  "MSE": 0.9391752120010499,
  "MAE": 0.7237303182581194,
  "R2": 0.36830860634258555,
  "Pearson Correlation": 0.6487734474500298
}