{
  "Model": "Title Only - Regression",
  "MSE": 1.556653501193128,
  "MAE": 1.0306876130498737,
  "R2": -0.13487235752445703,
  "Pearson Correlation": 0.24383388064351968
}