{
  "Model": "Title Only - Classification",
  "Accuracy": 0.5414364640883977,
  "Precision": 0.5686475053758263,
  "Recall": 0.5414364640883977,
  "F1 Score": 0.5223525538799109
}