{
  "Model": "Title + Text - Classification",
  "Accuracy": 0.580110497237569,
  "Precision": 0.5895639012533459,
  "Recall": 0.580110497237569,
  "F1 Score": 0.5688364319383917
}