{
  "Model": "Title + Text - Regression",
  "MSE": 0.8406830659887428,
  "MAE": 0.6888969220530582,
  "R2": 0.43455464881027617,
  "Pearson Correlation": 0.6961789491580308
}