{
  "Model": "Title Only - Regression",
  "MSE": 0.998949903554797,
  "MAE": 0.7726501292130099,
  "R2": 0.3281040122151734,
  "Pearson Correlation": 0.6402942400170674
}