{
  "Model": "Title + Text - Regression",
  "MSE": 1.3643803222370328,
  "MAE": 0.946413640639432,
  "R2": 0.005303677619765912,
  "Pearson Correlation": 0.37234009265756507
}