{
  "Model": "Word Embeddings - Cosine Similarity (Classifier) - English only",
  "Accuracy": 0.30386740331491713,
  "Precision": 0.1955474806698169,
  "Recall": 0.30386740331491713,
  "F1 Score": 0.23675119144861498
}