{
  "Model": "Word Embeddings - Cosine Similarity (Classifier)",
  "Accuracy": 0.31284004352557127,
  "Precision": 0.29077995403197765,
  "Recall": 0.31284004352557127,
  "F1 Score": 0.27494955808093446
}