{
  "Model": "Word Embeddings - Cosine Similarity (Regression)",
  "MSE": 2.749648922958169,
  "MAE": 1.3006318196308801,
  "R2": -1.0046211653205752
}