{
  "Model": "Word Embeddings Multilingual - Cosine Similarity (Classifier)",
  "Accuracy": 0.30223068552774757,
  "Precision": 0.29058469126410075,
  "Recall": 0.30223068552774757,
  "F1 Score": 0.21582517557120537
}