{
  "Model": "Word Embeddings - Cosine Similarity (Regression) - English only",
  "MSE": 2.3960837989356927,
  "MAE": 1.2331944934296564,
  "R2": -0.6116114383435702
}