{
  "Model": "Word Embeddings - Cosine Similarity (Classifier)",
  "Accuracy": 0.23721436343852012,
  "Precision": 0.22698060250153354,
  "Recall": 0.23721436343852012,
  "F1 Score": 0.20757623941089712
}